ORIGZONENO,DESTZONENO,INDEX,VOL,T0,T0TI,V0,V0TI,TCUR,TCURTI,VCUR,VCURTI,IMPEDANCE,LENGTH
1183,1184,1,11.91485060711797495,193.60456317096958401,,37.59828735840196146,,867.13432988398301404,,8.39454712970931460,,86713,2022.00000000000000000
1183,1185,1,134.62320154793928850,280.25800374368094481,,46.91105989616696093,,2332.76611990318997414,,5.63588432111900328,,233279,3652.00000000000000000
1183,1186,1,317.47593977756770300,272.29369276957874035,,39.02844715904964090,,2372.01029490183464077,,4.48025036941916266,,237200,2952.00000000000000000
1183,1187,1,237.38452326451169938,332.78074981929233900,,39.50709290468044088,,6166.37592958765071671,,2.13207889854992372,,616639,3652.00000000000000000
1183,1188,1,35.52806581193257074,448.46755751036369020,,34.77442178108861270,,3628.55037109947625140,,4.29791470561136091,,362855,4332.00000000000000000
1183,1189,1,92.36435447328499038,263.80690402360147573,,36.05364323273769145,,1989.81470560596153518,,4.77994256108562610,,198981,2642.00000000000000000
1183,1190,1,156.22764011671932849,218.76803943107134387,,48.90659544156616789,,3547.36367686546873301,,3.01609898916652863,,354740,2972.00000000000000000
1183,1191,1,18.97816945817353940,298.14551334255037318,,46.75300944067785025,,6439.22686558607438201,,2.16473192993042751,,643926,3872.00000000000000000
1183,1192,1,69.89104135106529725,344.43122762826465078,,46.11428559881426281,,8932.62058129001161433,,1.77811201712389488,,893265,4412.00000000000000000
1183,1193,1,33.72587511741343036,367.57408477112181799,,45.85524578125595241,,9869.83803481147333514,,1.70774838863117751,,986987,4682.00000000000000000
1183,1194,1,28.78303484503678433,506.38466630298523796,,44.87339667272630805,,12084.48384192453704600,,1.88036165195295379,,1208452,6312.00000000000000000
1183,1195,1,11.07388639515736983,497.63423514706164497,,45.15605722616587059,,14030.45995155955824885,,1.60160109344827362,,1403049,6242.00000000000000000
1183,1196,1,60.98547541568853347,606.22092161363491414,,44.19378982943603518,,15408.68521090736248880,,1.73870772446147992,,1540871,7442.00000000000000000
1183,1197,1,3.26839960319416800,761.09228768044238223,,42.39065422450615728,,15957.63202759071464243,,2.02180373279801096,,1595765,8962.00000000000000000
1183,1198,1,24.72924976381126427,485.72309830217000126,,37.88825374854071271,,8276.30591519235167652,,2.22360074513658024,,827632,5112.00000000000000000
1183,1199,1,0.57369209418974154,5478.35541339200426592,,46.63793797960325094,,16119.18377320066247194,,15.85062889007980402,,1611923,70972.00000000000000000
1183,1200,1,1.56983779961356640,6038.91623813427213463,,45.88558427921000771,,16742.47412829889071872,,16.55067213343542676,,1674253,76972.00000000000000000
1183,1201,1,0.78762932905709671,5413.07541339200452057,,46.74813865957764847,,16013.04125527072210389,,15.80281946233715828,,1601309,70292.00000000000000000
1183,1202,1,1.17618202339117794,5301.99647803078642028,,47.13680988577768005,,15842.64279273350803123,,15.77509530888556100,,1584269,69422.00000000000000000
1183,1203,1,1.57033105540025653,5402.12129357431786048,,47.39604797555211491,,16196.45416165493224980,,15.80834900309058000,,1619650,71122.00000000000000000
1183,1204,1,1.65235920193366059,5596.75451209649327211,,46.93777428190168877,,16582.61333694887434831,,15.84184559225424671,,1658267,72972.00000000000000000
1183,1205,1,13.36836086275126334,5721.89704515186622302,,46.69765951598107279,,16836.36172312185954070,,15.87036465444001898,,1683641,74222.00000000000000000
1183,1206,1,2.13061941158102375,5068.82882441310448485,,46.52104227001648695,,14097.88554403312082286,,16.72642321172798674,,1409793,65502.00000000000000000
1183,1207,1,1.24412954201142312,4555.77094054792814859,,45.16188427490486390,,13516.76137497857234848,,15.22163440577319271,,1351685,57152.00000000000000000
1183,1208,1,2.25993270129946966,4395.62434272969676385,,45.55421127631002776,,13293.24365675612716586,,15.06323100443817609,,1329333,55622.00000000000000000
1183,1209,1,3.14925757531167694,4899.19698908174086682,,46.91201446118569152,,14395.05530115100373223,,15.96598242881519880,,1439510,63842.00000000000000000
1183,1210,1,7.36162354868714353,6753.89235444517726137,,51.81118999767446809,,19820.02646359599384596,,17.65523374263506895,,1981999,97202.00000000000000000
1183,1212,1,14.57208953984447319,851.23060642790801467,,46.40246685413942629,,17941.74901426332871779,,2.20152449845324094,,1794175,10972.00000000000000000
1183,1213,1,18.87968008921091112,943.25161409976624327,,45.23416590251088820,,18437.57528127930345363,,2.31414377156861750,,1843759,11852.00000000000000000
1183,1214,1,1.87868111801037374,976.18187804745116409,,45.92095080648588379,,18524.84881453259367845,,2.41984161105992035,,1852486,12452.00000000000000000
1183,1215,1,63.42522538088056905,1138.99277002329449715,,47.00574174751348977,,18860.29208900816956884,,2.83872591937230911,,1886031,14872.00000000000000000
1183,1216,1,65.37470099053425088,1347.02831199423962971,,49.01990508443179095,,20335.91974919124550070,,3.24702304171052036,,2033590,18342.00000000000000000
1183,1217,1,49.04524096157213364,995.73255790261487164,,51.34631743657454450,,18522.60056385136704193,,2.76026035457351737,,1852260,14202.00000000000000000
1183,1218,1,9.76089245069081990,1066.73930820401960773,,48.73843084261446279,,19270.52778963386663236,,2.69796450660616927,,1927053,14442.00000000000000000
1183,1219,1,2.11577238133980439,1142.87959146830326063,,49.39732971123383720,,19597.39284643617429538,,2.88075053872620090,,1959741,15682.00000000000000000
1183,1220,1,30.43585417709097740,1138.53080986860140911,,45.88650526377008987,,21203.91604024614207447,,2.46384676777816303,,2120393,14512.00000000000000000
1183,1221,1,6.51120810087851787,1185.27040209031588347,,44.92746963569443608,,21863.85410282270095195,,2.43558156533458980,,2186389,14792.00000000000000000
1183,1222,1,10.15745844356734118,1191.22528951243089068,,50.35420296067686508,,19846.59361207556139561,,3.02234233100351890,,1984660,16662.00000000000000000
1183,1223,1,7.38169643778915407,1280.74427284591115495,,40.06045632044209981,,21465.85361003834987059,,2.39017748523201368,,2146591,14252.00000000000000000
1183,1224,1,13.43116381713014817,1213.38911697996741168,,40.29638911027685566,,20783.13919107228866778,,2.35263785467999353,,2078319,13582.00000000000000000
1183,1225,1,19.67803157499868760,1129.62180396057669896,,40.60757311798568026,,20002.90648065137429512,,2.29322673904268814,,2000295,12742.00000000000000000
1183,1226,1,9.79157669000540309,1185.27040209031588347,,44.92746963569443608,,21863.85410282270095195,,2.43558156533458980,,2186389,14792.00000000000000000
1183,1227,1,37.33164289801820956,983.80395222325739724,,41.94250277888295386,,20172.34815104063090985,,2.04553281011419363,,2017238,11462.00000000000000000
1183,1228,1,10.98216062654240410,975.75279330104592646,,47.19556051098280136,,19402.05286423804864171,,2.37352203512865279,,1940207,12792.00000000000000000
1183,1229,1,6.79993569827169253,788.81667005214751498,,47.97464536024352100,,17680.01825612355605699,,2.14045027848841940,,1768003,10512.00000000000000000
1183,1230,1,100.93517995555853872,900.63603435540960618,,45.89556538184022827,,19803.86438763534897589,,2.08722899687234076,,1980387,11482.00000000000000000
1183,1231,1,0.54286557103203270,903.20919341663352498,,50.02960590897793480,,18123.42276781597684021,,2.49330386312261920,,1812341,12552.00000000000000000
1183,1232,1,18.02949197341713372,870.36170500875289235,,45.17570083073058385,,18181.65774354459790629,,2.16257508278970301,,1818168,10922.00000000000000000
1183,1233,1,83.83515824491409774,2267.76964941072492365,,42.30905904615650570,,9583.18139891438841005,,10.01204047028361366,,958323,26652.00000000000000000
1183,1234,1,27.78034928988544650,1479.27535414905059952,,46.92513790979159438,,10650.33615889466091176,,6.51765343031240185,,1065033,19282.00000000000000000
1183,1235,1,10.43733077193887659,3529.27789019659167025,,40.90559159453389526,,15081.56692948791533126,,9.57242710090879889,,1508159,40102.00000000000000000
1183,1236,1,6.27557973324683260,3396.79789019659210680,,41.03841456164239787,,13202.73712803017588158,,10.55835609299888489,,1320277,38722.00000000000000000
1183,1237,1,27.57246059502681135,3606.13872612375462268,,42.16010851125046344,,13774.06860050760406011,,11.03778443461485281,,1377405,42232.00000000000000000
1183,1238,1,13.54424054757880747,2138.82578213119768407,,38.16075188633264759,,15135.07529221003824205,,5.39271846516740272,,1513510,22672.00000000000000000
1183,1239,1,29.33394248522035497,2150.43977239578725857,,35.54398545877160842,,12742.85030382875265786,,5.99828124615370051,,1274286,21232.00000000000000000
1183,1240,1,89.58481547716719717,2320.84557601036431151,,42.79957314986665295,,10792.37320433638524264,,9.20383294010705910,,1079243,27592.00000000000000000
1183,1241,1,4.54646712996400382,2003.20923935522910142,,41.28335591474124300,,8204.02141211987509450,,10.08032473901490889,,820407,22972.00000000000000000
1183,1242,1,2.29028563688648212,1659.39432462355944153,,43.61061076692352856,,5914.98827413272374542,,12.23454665438212174,,591504,20102.00000000000000000
1183,1243,1,1.42672897575123181,1329.46659920469210192,,48.01564780806620547,,3834.52702673266639977,,16.64747687393218456,,383457,17732.00000000000000000
1183,1244,1,1.86150985406142166,1990.59831969252445560,,43.51616252413001007,,5400.28355622611798026,,16.04049104053619601,,540029,24062.00000000000000000
1183,1245,1,2.19806994698975844,1742.94572649271822229,,44.59760210457978502,,6036.46244233149991487,,12.87694585075185216,,603651,21592.00000000000000000
1183,1246,1,1.10889842288164386,1994.38902546179042474,,43.86666737686384465,,6854.09834923517337302,,12.76421719419337109,,685415,24302.00000000000000000
1183,1247,1,2.58312497848478717,1994.38902546179042474,,43.86666737686384465,,6854.09834923517337302,,12.76421719419337109,,685415,24302.00000000000000000
1183,1248,1,22.40519858973548750,320.85043851267761283,,43.22013728353396544,,1565.55157761792042947,,8.85770880899354829,,156554,3852.00000000000000000
1183,1249,1,17.82413050768753848,521.91138530433670439,,38.98592859424814350,,2421.87090371506019437,,8.40143872606427955,,242188,5652.00000000000000000
1183,1250,1,7.08050711585213399,631.73050694928303983,,35.79880938346959596,,2620.53341031354693769,,8.62999872888248731,,262053,6282.00000000000000000
1183,1251,1,4.65084585535656814,619.16985583274879446,,39.66472167313321506,,2501.30817638065946085,,9.81854224597652347,,250130,6822.00000000000000000
1183,1252,1,10.91968591861733273,669.90994915305202539,,46.70956154563843654,,2800.06893342670718994,,11.17515344942098388,,280007,8692.00000000000000000
1183,1253,1,4.35249936282291827,848.01959362747152227,,47.21494680179396397,,3858.56119373396404626,,10.37671763895331978,,385856,11122.00000000000000000
1183,1254,1,3.21997758851338034,907.22738687505818689,,42.90346671970611681,,3059.97781602485338226,,12.72009221640836429,,305998,10812.00000000000000000
1183,1255,1,75.00657746897651634,1480.70761986879620054,,37.39779498460792695,,6986.53225383595236053,,7.92599217868009909,,698655,15382.00000000000000000
1183,1256,1,2.74018938500109499,1584.91027028306416469,,41.61699323723841815,,5911.76381330416916171,,11.15727929650397421,,591182,18322.00000000000000000
1183,1257,1,2.45729189302623441,1126.41946537996591360,,46.98711414947583620,,3988.55816420050405213,,13.26975759688065715,,398858,14702.00000000000000000
1183,1258,1,8.54222434802548136,1446.14719419105085763,,41.60240412709456592,,5398.03516521511755855,,11.14538867543713607,,539808,16712.00000000000000000
1183,1259,1,10.02220630552559832,1197.95549596508021750,,38.74200682439447263,,5300.98666549621430022,,8.75520029169051917,,530101,12892.00000000000000000
1183,1260,1,5.63383513602098418,786.15257868187939039,,44.33643155943184411,,4964.75877044908702374,,7.02052236806808239,,496474,9682.00000000000000000
1183,1261,1,24.03760672747785421,753.37084042501021486,,38.14217176734526760,,9617.99967352381463570,,2.98764826111416193,,961801,7982.00000000000000000
1183,1262,1,33.49164489322395610,1120.15539206621406265,,46.73565861557308665,,7505.80654919264179625,,6.97476009498687866,,750582,14542.00000000000000000
1183,1263,1,5.28071886168320059,2841.99937153784867405,,42.38677925351389320,,8346.28113810496870428,,14.43315867351088144,,834629,33462.00000000000000000
1183,1264,1,13.13878268809344441,2853.09668575412933933,,42.48688823104478729,,8301.21872213181814004,,14.60257873664000527,,830123,33672.00000000000000000
1183,1265,1,13.84231566914040457,2155.83232443086262720,,43.48724107045301679,,7546.39707075199203246,,12.42330599901202604,,754645,26042.00000000000000000
1183,1266,1,66.24516080406344543,1520.82958951472505760,,47.89175625077143650,,9095.75770501163970039,,8.00760116552673651,,909576,20232.00000000000000000
1183,1267,1,10.96520532888255772,3200.07689731104483144,,41.91874267543933996,,9347.37856529886812496,,14.35088983107971394,,934739,37262.00000000000000000
1183,1268,1,1.87961749258622923,2891.17462926980715565,,42.32577263273300616,,8415.29143740307517874,,14.54152846758249140,,841530,33992.00000000000000000
1183,1269,1,1.09034055841892941,2642.90624806801588420,,44.85789084900939372,,8696.29160801603757136,,13.63284550977092380,,869632,32932.00000000000000000
1183,1270,1,1.71753758063315698,2901.16982192282330288,,43.69382276146264843,,9010.76725526823065593,,14.06796961999952700,,901080,35212.00000000000000000
1183,1271,1,4.93926331097638105,3084.88116212900922619,,43.40238503955722393,,9420.19860035774945572,,14.21320353000999859,,942023,37192.00000000000000000
1183,1272,1,1.29711564402551649,3882.22819892456527668,,44.40109936034942706,,9524.60480573795757664,,18.09788474332868091,,952463,47882.00000000000000000
1183,1273,1,5.52684759287234595,2484.87269440870295512,,45.53762462544434442,,7672.71404185017127020,,14.74774107086547303,,767273,31432.00000000000000000
1183,1274,1,1.23266948810630361,2520.43202126389223849,,45.15225923170600453,,8489.24257168136864493,,13.40557759294422802,,848927,31612.00000000000000000
1183,1275,1,6.59528225747584429,2353.01003798468036621,,45.70282245464018445,,7603.76681189534519945,,14.14288505425567521,,760379,29872.00000000000000000
1183,1276,1,0.52951850716105786,2258.27319587941701684,,46.10567055836390438,,7485.12421213963807531,,13.91014992525251692,,748515,28922.00000000000000000
1183,1277,1,3.02945226075348772,2002.01114705346640221,,47.13420309316584422,,6367.51344693513783568,,14.81947400447495511,,636754,26212.00000000000000000
1183,1278,1,0.57242192471026443,2240.85207585200168978,,46.27132737468927104,,7206.04995591739407246,,14.38890940727591605,,720607,28802.00000000000000000
1183,1279,1,0.16319879269099369,2817.31325778898462886,,44.47045412987721846,,8621.03909985968130059,,14.53272610746414628,,862106,34802.00000000000000000
1183,1280,1,0.36529217559755700,2160.13042636746558856,,46.55052249279982846,,7064.89830197824539937,,14.23307112175181466,,706492,27932.00000000000000000
1183,1281,1,0.20835302342285686,3003.31033053473765904,,44.31749814422333600,,8200.88403696070417936,,16.22986002486231527,,820090,36972.00000000000000000
1183,1282,1,0.80856838574668499,2896.03325778898488352,,44.28098318798518562,,8770.96809264910370985,,14.62087179492495359,,877099,35622.00000000000000000
1183,1283,1,0.18401500647946001,3206.11325778898481076,,43.62515879942927910,,9145.56063285577147326,,15.29345281442034477,,914558,38852.00000000000000000
1183,1284,1,0.21335970106832114,2996.44975263434571389,,44.13062487823955138,,8809.40171088769784546,,15.01069020800449572,,880942,36732.00000000000000000
1183,1285,1,0.47563970786685084,2817.31325778898462886,,44.47045412987721846,,8621.03909985968130059,,14.53272610746414628,,862106,34802.00000000000000000
1183,1286,1,2.03214839080546206,2704.17401010443290943,,44.25425270446201864,,8612.47792732255220471,,13.89509511778840434,,861252,33242.00000000000000000
1183,1287,1,0.76046291764021923,2780.19757416923403071,,44.30016094694387618,,8629.41830323444992246,,14.27247998324943623,,862945,34212.00000000000000000
1183,1288,1,0.58851975219557029,3089.19035127879897118,,43.87790475387474487,,8945.70573613839769678,,15.15220866839197100,,894574,37652.00000000000000000
1183,1289,1,1.37071020803463051,2958.39792387692750708,,43.70040925075308280,,9075.84158681857479678,,14.24476163045488342,,907588,35912.00000000000000000
1183,1290,1,0.32625593297123368,3176.38314117954269022,,43.61413401424718472,,9062.55483336637189495,,15.28655026615047774,,906259,38482.00000000000000000
1183,1291,1,0.20250995797141130,3240.70314117954285393,,43.49278346695415109,,9166.67916452673489403,,15.37603721808419444,,916671,39152.00000000000000000
1183,1292,1,0.10304380974463793,3389.50314117954349058,,43.22969883692413617,,9363.55094919336261228,,15.64867866849411726,,936357,40702.00000000000000000
1183,1293,1,0.00965634572964604,3842.38620718756146744,,42.63163335678816424,,9718.10684684661100619,,16.85587559197840690,,971815,45502.00000000000000000
1183,1294,1,1.77425417462065171,3235.38295611999319590,,43.34176259868981163,,9497.08674986206642643,,14.76528578640567169,,949715,38952.00000000000000000
1183,1295,1,0.29856349817774408,3351.36233756329238531,,43.18458746696671113,,9620.52324421805315069,,15.04358924416935928,,962059,40202.00000000000000000
1183,1296,1,2.36617774929433100,3201.85238525441309321,,43.33466484557347798,,9440.92601353367172123,,14.69677866356527218,,944098,38542.00000000000000000
1183,1297,1,0.10314730869175019,3336.44556407981508528,,43.37765961421147409,,9694.47076675451171468,,14.92883969451087367,,969452,40202.00000000000000000
1183,1298,1,0.05541567845616852,3537.90697579550169394,,43.28864524923350388,,10075.66960217780615494,,15.20010143711909123,,1007573,42542.00000000000000000
1183,1299,1,0.01739806158211136,3434.10632808049649611,,43.33913565314374949,,9862.12061214656023367,,15.09119649344927794,,986217,41342.00000000000000000
1183,1300,1,55.16707483936226453,1026.03928221420233058,,37.72487142643262814,,13748.23128087923032581,,2.81543125142455342,,1374826,10752.00000000000000000
1183,1301,1,54.77602360574428531,991.99303381835272830,,37.02364709017225408,,12350.88959421829713392,,2.97364815059093024,,1235090,10202.00000000000000000
1183,1302,1,10.12635295964761539,719.27352083738128385,,37.69803727576731944,,10098.06331658463022904,,2.68518815439264946,,1009808,7532.00000000000000000
1183,1303,1,45.67010840220942924,655.25875832756196360,,45.50141393927842159,,16970.84040613596516778,,1.75684876449725125,,1697085,8282.00000000000000000
1183,1304,1,101.12301154728076824,1965.21097889379939261,,41.64194118540103773,,14739.73404339669832552,,5.55201333749041570,,1473975,22732.00000000000000000
1183,1305,1,97.10078142594508677,2259.08093888024359330,,52.17661659277471387,,17246.99846938398695784,,6.83430222419507238,,1724709,32742.00000000000000000
1183,1306,1,34.79864014104951764,2605.03485156772740083,,50.18097931447247362,,18720.01948656276363181,,6.98306965405848867,,1872011,36312.00000000000000000
1183,1307,1,3.28899161532904349,1997.61160749802070313,,44.71499848355206552,,14643.75811301226167416,,6.09974566027750154,,1464378,24812.00000000000000000
1183,1308,1,23.38454185271850960,2046.25580516245736362,,43.70479965133187505,,14550.86373626204476750,,6.14610937336520458,,1455091,24842.00000000000000000
1183,1309,1,28.93555054571240959,2280.34551012643169088,,43.87545639715481371,,15305.28188453360417043,,6.53703739367939374,,1530529,27792.00000000000000000
1183,1310,1,29.72496140042457924,2250.18160924547464674,,45.39153621215891832,,15402.30818447379169811,,6.63142165295464192,,1540230,28372.00000000000000000
1183,1311,1,4.38950433970716158,2504.20836726928928329,,43.13027678195017955,,15928.60505055592329882,,6.78070676353611024,,1592861,30002.00000000000000000
1183,1312,1,1.62432354254456990,2494.12094458887713699,,43.17481084212223408,,15801.01896223631410976,,6.81495290002231702,,1580102,29912.00000000000000000
1183,1313,1,42.54000038239598069,1085.07311150021337198,,48.51212277043845233,,20138.94955981602106476,,2.61380067732196508,,2013899,14622.00000000000000000
1183,1314,1,3.12612631834419830,1099.23554507467565600,,45.26709513984980759,,18825.10687082229560474,,2.64323599018306554,,1882512,13822.00000000000000000
1183,1315,1,10.54715180168787114,2258.46346103442783715,,47.10600894613200040,,15871.88502338645048440,,6.70287113617844632,,1587188,29552.00000000000000000
1183,1316,1,2.36290607747387282,6687.50952314560072409,,51.86253549241470040,,19825.66287991171702743,,17.49405314217390028,,1982562,96342.00000000000000000
1183,1317,1,53.99601242521095656,2755.73935980618125541,,52.25719169977251966,,20144.97005078035726910,,7.14854376238805056,,2014502,40002.00000000000000000
1183,1318,1,42.61142915495575778,1445.54881658876638539,,42.26713017148951224,,23001.82431923692638520,,2.65627626539610651,,2300182,16972.00000000000000000
1183,1319,1,19.72946614021010703,5257.74605991770295077,,45.81491712510939607,,21702.99516024984404794,,11.09907633584096409,,2170304,66912.00000000000000000
1183,1320,1,0.93081660059444582,4909.15489531312505278,,46.17153152295117025,,20057.59113359329057857,,11.30061922642221184,,2005761,62962.00000000000000000
1183,1321,1,0.47328429261374028,6464.63425288246435230,,52.52009421083840834,,18964.56116513372398913,,17.90303487877231703,,1896452,94312.00000000000000000
1183,1322,1,1.39491901162025256,6522.89981989277384855,,52.39313946808674416,,19224.17848782791406848,,17.77736303355629133,,1922414,94932.00000000000000000
1183,1323,1,11.35854197486280626,1620.47567227126842226,,50.83396277374681205,,21790.37362712530375575,,3.78034821291255430,,2179038,22882.00000000000000000
1183,1324,1,1.37601899602977884,6850.30784756991761242,,52.26965093649324956,,19498.62556980115186889,,18.36350971088736017,,1949855,99462.00000000000000000
1183,1325,1,0.45956734480695971,6394.26698047059016972,,52.99672363305985812,,18462.79276331453002058,,18.35449297103866328,,1846273,94132.00000000000000000
1183,1326,1,13.79529649772528188,4628.96043885609014978,,40.02263628024920195,,18839.24380808877322124,,9.83389789352669474,,1883931,51462.00000000000000000
1183,1327,1,42.96630344636874810,4984.70092932541137998,,41.98350171197163405,,25370.69706067632432678,,8.24869728646002009,,2537066,58132.00000000000000000
1183,1328,1,9.55769068125591303,4338.85285774767453404,,38.06886414805582319,,18650.15029043329923297,,8.85650771858538732,,1865017,45882.00000000000000000
1183,1329,1,70.18015082221950252,1368.80020039016471856,,51.68555643097810304,,20850.70180611760224565,,3.39303687031017587,,2085072,19652.00000000000000000
1183,1330,1,6.53876052612329417,4155.18374902478171862,,38.09679897721796493,,17961.97430279828768107,,8.81301784154866752,,1796199,43972.00000000000000000
1183,1331,1,31.41683882109015258,1181.90078220168038570,,53.37097745421080930,,19331.48688036528619705,,3.26302888082906062,,1933149,17522.00000000000000000
1183,1332,1,25.84643447141677086,1190.78466902876152744,,47.68217250085253767,,19843.20043927240840276,,2.86139326031430885,,1984321,15772.00000000000000000
1183,1333,1,22.72781626190301196,914.38563692934008031,,40.28409733523239566,,19859.82748454283864703,,1.85475931393005888,,1985987,10232.00000000000000000
1183,1334,1,64.03970245073882950,891.98495556863099409,,41.78007685818261052,,14426.13278481418092269,,2.58331186575723981,,1442616,10352.00000000000000000
1183,1335,1,39.18902887756775044,649.40534398456338749,,36.59840532597304019,,12432.36980251917884743,,1.91171919573885574,,1243235,6602.00000000000000000
1183,1336,1,21.24596523444012774,690.23008625260467852,,36.72862209996765870,,12485.38083004619511485,,2.03047070370429417,,1248536,7042.00000000000000000
1183,1337,1,28.22590554125852336,791.68837048540751766,,41.93468192496574432,,17267.85710781703528482,,1.92260103802752491,,1726788,9222.00000000000000000
1183,1338,1,44.03162200167585638,556.59122762826461894,,43.41282938102302325,,14741.48910998196151922,,1.63912884375013923,,1474152,6712.00000000000000000
1183,1339,1,49.19050951630816826,848.37538079468583874,,41.93332433418351712,,18178.40527219918658375,,1.95700334915551077,,1817843,9882.00000000000000000
1183,1340,1,40.70440146167015172,817.62950537941424045,,40.78032871933525172,,18734.66475569329850259,,1.77975962926517273,,1873470,9262.00000000000000000
1183,1341,1,22.23535642586111649,981.62151989734297786,,41.30227300257228507,,18540.57981275897327578,,2.18672772963117401,,1854062,11262.00000000000000000
1183,1342,1,34.88339486851678828,1194.74151989734286872,,40.62401715491593990,,19106.88506264097304665,,2.54019427242482276,,1910693,13482.00000000000000000
1183,1343,1,6.00838204341748572,2864.54023244564996276,,42.40512966937521355,,13337.50681886506572482,,9.10748925190325842,,1333748,33742.00000000000000000
1183,1344,1,15.39745158072061315,2942.47202941302157342,,41.95492727406711708,,15282.92883132399583701,,8.07771869924392760,,1528290,34292.00000000000000000
1183,1345,1,4.20734812911171918,2657.51440517562150490,,42.11875569969038224,,14578.68081423134754004,,7.67773171155071399,,1457864,31092.00000000000000000
1183,1346,1,13.28570290445948210,2716.07440517562145033,,42.01917288514801641,,15084.09925805108468921,,7.56605999785403238,,1508406,31702.00000000000000000
1183,1347,1,5.06316432485409607,1174.93895388997566442,,49.27507068203090768,,10800.99506700946403726,,5.36017280267398455,,1080097,16082.00000000000000000
1183,1348,1,8.95239104969779653,1174.93895388997566442,,49.27507068203090768,,10800.99506700946403726,,5.36017280267398455,,1080097,16082.00000000000000000
1183,1349,1,5.88652155388301779,2729.51440517562150490,,41.99692069132876782,,15146.31617526234003890,,7.56825611413162935,,1514628,31842.00000000000000000
1183,1350,1,22.76549146517334066,2879.27440517562172317,,41.76302188629551893,,16155.24432499658541929,,7.44323004845829939,,1615521,33402.00000000000000000
1183,1351,1,13.42173162789915430,2882.15440517562183231,,41.75876205101032923,,16165.78785286106722197,,7.44505625679723337,,1616575,33432.00000000000000000
1183,13124040,1,0.58335709837878680,1346.22923906618621004,,45.03779760574575164,,6567.06956371803335060,,9.23261119921392215,,656709,16842.00000000000000000
1183,13124041,1,1.65275565076509023,1589.33898484320116040,,38.89617041395286634,,5944.72773689477980952,,10.39899600722356610,,594473,17172.00000000000000000
1183,13124042,1,7.18118207708430489,1607.76772206867417481,,38.85337362018005791,,6176.28496458991139662,,10.11404110369568343,,617630,17352.00000000000000000
1183,13124043,1,5.04035443295287156,1596.80534436639050000,,38.91720441645836104,,6084.32263093869005388,,10.21365955907774392,,608434,17262.00000000000000000
1183,13124044,1,7.17465732697075875,1643.02545402743726299,,38.85222827408126278,,6285.60235000012744422,,10.15578085368361094,,628561,17732.00000000000000000
1183,13124045,1,7.41021833559841792,1336.35022507462736030,,46.52912001158053812,,6860.97907650423803716,,9.06272986794781943,,686100,17272.00000000000000000
1183,13124046,1,11.69858618442677489,1413.79160631714012197,,46.01753165692935710,,7215.44372201953592594,,9.01665961324836474,,721543,18072.00000000000000000
1183,13124047,1,0.09844130866055656,1295.16326886390606887,,45.97968567487035330,,6809.06435230738588871,,8.74587122675965034,,680909,16542.00000000000000000
1183,13124048,1,1.95144483465016827,1275.84843213007752638,,47.07079500010480189,,6754.26845431904075667,,8.89144404107857156,,675429,16682.00000000000000000
1183,13124049,1,9.43386372556623520,1361.02546427063475676,,45.20944068667679261,,6890.16582245390600292,,8.93029305615258906,,689018,17092.00000000000000000
1183,13124050,1,2.25915661036399928,1293.86718412314144189,,45.85880276437467984,,6767.75805466943802458,,8.76733469498979545,,676777,16482.00000000000000000
1183,13124051,1,3.90441047631076987,1313.91152680702543876,,45.46059516286802449,,6750.43651226937163301,,8.84849444794192763,,675046,16592.00000000000000000
1183,13124052,1,10.21258611931140869,1283.94086199202229182,,44.05436548864308577,,6305.42580406866090925,,8.97055992055315876,,630545,15712.00000000000000000
1183,13124053,1,5.95340707924863732,930.87858283926675540,,48.11712378577091442,,4559.66802578677288693,,9.82334673197425623,,455970,12442.00000000000000000
1183,13124054,1,3.73455495865715381,930.87858283926675540,,48.11712378577091442,,4559.66802578677288693,,9.82334673197425623,,455970,12442.00000000000000000
1183,13124055,1,5.05888085557772982,907.91350584161932602,,49.57212301658531572,,4387.04459177412172721,,10.25911614493051793,,438706,12502.00000000000000000
1183,13124056,1,7.46382604276512041,974.64247780423625045,,50.57362173568274244,,4572.40084984258373879,,10.78015721252806891,,457240,13692.00000000000000000
1183,13124057,1,16.16605332715139198,1377.98639418296693293,,43.79085327310403386,,6670.81818301851490105,,9.04584690280000636,,667085,16762.00000000000000000
1183,13124058,1,0.91821822760029792,1722.92400686614678307,,42.04433841035205432,,6966.01120660011656582,,10.39894967888735522,,696606,20122.00000000000000000
1183,13124059,1,1.43364990683052507,1390.46599025844375319,,48.36882057611447294,,6819.79930821653397288,,9.86175647705212377,,681984,18682.00000000000000000
1183,13124060,1,6.34126609830071075,1526.26192209094006103,,47.57977575730483721,,7219.92310006710886228,,10.05816807097640719,,721997,20172.00000000000000000
1183,13124061,1,5.26315536221491254,1425.60445822991800924,,46.46955164706409391,,7183.76838392726858729,,9.22178952041651812,,718376,18402.00000000000000000
1183,13124062,1,1.67610005145466023,1182.04630592379976406,,46.20732684183102634,,6243.56938983233521867,,8.74807287141670464,,624357,15172.00000000000000000
1183,13124063,1,8.96142162164755796,1717.42264232294360227,,43.39479296674250008,,6770.01686997663273360,,11.00842160829907002,,677008,20702.00000000000000000
1183,13124064,1,1.70018254000209179,1671.50546362726504412,,38.68560492747482016,,6198.91315269605729554,,10.43137698612157749,,619891,17962.00000000000000000
1183,13124065,1,6.72197956491361825,1494.52172321294392532,,43.50769814185919415,,6992.27505546342490561,,9.29929092952286318,,699229,18062.00000000000000000
1183,13124066,1,7.87780133825791484,1309.38485395530483402,,46.82748529951528127,,6926.35154468650307535,,8.85245278187438878,,692634,17032.00000000000000000
1183,13124067,1,7.90868946832712627,1657.87081485217936461,,38.85176059736783571,,6292.72718716131566907,,10.23581637726396565,,629274,17892.00000000000000000
1183,13124068,1,6.70403732139264541,1680.01265182535439635,,38.85399311075288153,,6325.15532005704153562,,10.31993630148695473,,632516,18132.00000000000000000
1183,13124069,1,12.67294097131822461,1704.13636316556062411,,38.85322878563998472,,6404.32059158583342651,,10.33852054298937340,,640432,18392.00000000000000000
1183,13124070,1,10.61651405318754371,1411.47430447290753364,,46.27161811804248259,,7147.71500365916290320,,9.13735368108058843,,714771,18142.00000000000000000
1183,13124071,1,1.15883003421342790,1658.44107115590054491,,38.86010852051654751,,6354.67744503451103810,,10.14169492589407184,,635469,17902.00000000000000000
1183,13124072,1,8.88319001749803938,1378.32881054125346054,,46.31347724272895050,,7136.92739275741678284,,8.94435328917318451,,713692,17732.00000000000000000
1183,13124073,1,4.55989186067838137,1458.50615759973970853,,43.12576924838841563,,7001.30727944996033330,,8.98392221472980701,,700134,17472.00000000000000000
1183,13124074,1,5.31675762761993376,1674.03673902593664025,,38.75613867217211350,,6392.62580162460744759,,10.14906894495713274,,639263,18022.00000000000000000
1183,13124075,1,2.08934611336612130,1390.95179358347536436,,46.51433665671261508,,7104.93420689305730775,,9.10623492293992065,,710494,17972.00000000000000000
1183,13124076,1,3.95821446869663385,1434.43404216161229670,,45.90744367776290602,,7305.08089409006151982,,9.01443816361770445,,730507,18292.00000000000000000
1183,13124077,1,1.77656372518193351,1472.04344197913701464,,47.64478954894457985,,7544.08217198872534937,,9.29671740061539964,,754408,19482.00000000000000000
1183,13124078,1,0.85147096583753934,1353.10840135475632451,,46.75102152692553403,,6956.17971897839561279,,9.09395710801020485,,695618,17572.00000000000000000
1183,13124079,1,3.65166467137906547,1375.62945209243184763,,46.63988540112253389,,7016.54077953286559932,,9.14399303245715345,,701654,17822.00000000000000000
1183,13124080,1,3.95005401117698662,1240.73480331749192374,,45.15324294136384964,,6604.06370001341201714,,8.48314046393680776,,660409,15562.00000000000000000
1183,13124081,1,2.51532887869919053,1265.51960630742541980,,44.92320760314595418,,6738.99653740001213009,,8.43615213103135098,,673903,15792.00000000000000000
1183,13124082,1,6.23324920968706397,1281.84202444344555261,,44.85669755207565146,,6770.11112476207108557,,8.49309545151974987,,677014,15972.00000000000000000
1183,13124083,1,2.03077791882708647,1232.37882361053470959,,45.10885689932005960,,6533.84235593119865371,,8.50819425564135479,,653386,15442.00000000000000000
1183,13124084,1,2.76215054986542574,1239.58575222127387860,,45.10797248177695451,,6604.45874970395016135,,8.46628045068892909,,660447,15532.00000000000000000
1183,13124085,1,2.26509584413611087,1250.46132364854588559,,45.11870853820758498,,6688.72776720161891717,,8.43496730075535162,,668876,15672.00000000000000000
1183,13124086,1,2.44938594908716434,1244.36200734771841780,,45.13734722560113966,,6619.38130592451580014,,8.48526431763780131,,661940,15602.00000000000000000
1183,13124087,1,3.77930739493267653,1289.24660542715173506,,44.45945388470429549,,6702.81722333843026718,,8.55150872985484511,,670282,15922.00000000000000000
1183,13124088,1,3.71671572620271329,1214.48329628865008090,,48.29313023837602969,,6129.58509744321690960,,9.56854323214546731,,612960,16292.00000000000000000
1183,13124089,1,5.12056703016321180,1277.88090812884775005,,44.71402588185369353,,6741.30831777650564618,,8.47598081952826377,,674133,15872.00000000000000000
1183,13124090,1,2.14537149657756698,1275.52170656459884412,,45.02251878932771234,,6873.15057831453304971,,8.35529490379397188,,687318,15952.00000000000000000
1183,13124091,1,5.38401243366594606,1310.88694585930920766,,44.87892734444398002,,7098.49346668130510807,,8.28784308616189058,,709852,16342.00000000000000000
1183,13124092,1,6.08298548814081830,1775.48914511269526884,,41.71199818588542030,,8107.20075496979734453,,9.13499026832423588,,810722,20572.00000000000000000
1183,13124093,1,0.29667296275356525,1544.28515859648700825,,44.90310588947321691,,8237.44982646941571147,,8.41804216848512255,,823743,19262.00000000000000000
1183,13124094,1,7.86180384292007961,1406.15153601003976291,,44.21941619210808483,,7671.69097315359795175,,8.10501885667587452,,767173,17272.00000000000000000
1183,13124095,1,6.61296182009153632,1243.08142712977200972,,48.65908111881508802,,6246.23961352869810071,,9.68377835986168201,,624626,16802.00000000000000000
1183,13124096,1,6.49246192243379117,1358.92425098211651857,,48.14043163386075008,,7155.67498276741116570,,9.14228219665443120,,715569,18172.00000000000000000
1183,13124097,1,2.29775300064252042,1445.82528629770354200,,48.13527655074498313,,7449.09223848365763843,,9.34277597483030320,,744907,19332.00000000000000000
1183,13124098,1,124.71434850309927356,1656.45263330894954379,,44.20965533660475444,,16188.88881285152092460,,4.52354703565976290,,1618887,20342.00000000000000000
1183,13124099,1,9.34042336154927000,416.74400044514709407,,45.88716329346904388,,2780.41206637255027090,,6.87782945243399890,,278044,5312.00000000000000000
1183,13124100,1,58.19950305192421069,527.29029001892649831,,43.57220384083942122,,3757.36554526820327737,,6.11470982080345227,,375739,6382.00000000000000000
1183,13124101,1,16.16735018951533931,781.42613125783918804,,42.02470161464870557,,3975.36549685274621879,,8.26067440239103590,,397537,9122.00000000000000000
1183,13124102,1,8.82159428415008406,375.85757436990968472,,38.42732190301787654,,3572.25538715213633623,,4.04315997449285636,,357226,4012.00000000000000000
1183,13124103,1,18.27898746576339306,772.26067120781942776,,42.29038356818152522,,3606.93310696044545693,,9.05456215336409009,,360694,9072.00000000000000000
1183,13124104,1,5.22037650714509383,462.24849439551002206,,40.98055532830309033,,4220.40540068989503197,,4.48847876009812286,,422042,5262.00000000000000000
1183,13124105,1,3.92387158752840870,727.24031503941944266,,43.91835730155961670,,4236.42618945086906024,,7.53918481561931841,,423639,8872.00000000000000000
1183,13124106,1,14.23709740852986272,772.26067120781942776,,42.29038356818152522,,3606.93310696044545693,,9.05456215336409009,,360694,9072.00000000000000000
1183,13124107,1,13.05655018595894923,785.52602932513366341,,42.99692020265347026,,4394.46005104620417114,,7.68585892411492644,,439443,9382.00000000000000000
1183,13124109,1,9.29090231740286931,963.29127918811309428,,44.21840093465846167,,4621.61572652067570743,,9.21651701926920097,,462157,11832.00000000000000000
1183,13124110,1,4.96359690726275105,936.52781178576083221,,44.02133015290644380,,4571.72582222561413801,,9.01786362593584379,,457168,11452.00000000000000000
1183,13124111,1,4.43986003109171268,1002.36093325827823719,,42.96177012807014250,,4830.15037616182053171,,8.91549882432838281,,483010,11962.00000000000000000
1183,13124112,1,5.09908656603613242,1506.87279734922276475,,38.87468146153286597,,5717.79789910552790388,,10.24506305288683450,,571780,16272.00000000000000000
1183,13124113,1,10.17281458706337283,1011.20213933953107244,,42.83535241360488044,,4873.32691387167233188,,8.88821964245935092,,487328,12032.00000000000000000
1183,13124114,1,7.05904770572440388,1053.86441330431944152,,42.43354214778543110,,4983.02408736347570084,,8.97430941853242992,,498297,12422.00000000000000000
1183,13124115,1,11.10932349229924299,856.00245403176006675,,48.62509424354485077,,4586.39072062863579049,,9.07537157983236575,,458635,11562.00000000000000000
1183,13124116,1,10.98251111206654151,938.43236057381614046,,49.99316090433318038,,5215.83991708670782828,,8.99475458330484123,,521580,13032.00000000000000000
1183,13124117,1,0.49072618727028072,486.36582171885618209,,40.05873589378627742,,5154.69472617811879900,,3.77970006663140756,,515471,5412.00000000000000000
1183,13124118,1,24.41736643838995846,586.53739414297729127,,33.46282810949914932,,4343.58493496175015025,,4.51866379819572650,,434359,5452.00000000000000000
1183,13124119,1,21.27741058977618138,605.23201317176881275,,35.16535731225388872,,4708.19379141529771005,,4.52045963758050906,,470821,5912.00000000000000000
1183,13124120,1,15.99518952833902929,563.76279822789945229,,41.71115950523228832,,6042.62777311272657244,,3.89155196761137967,,604263,6532.00000000000000000
1183,13124121,1,7.85680838194263842,761.98448646816939345,,36.29365228704725155,,5861.70056575891703687,,4.71794826258230593,,586167,7682.00000000000000000
1183,13124122,1,0.24324445916537393,623.46725411461579824,,44.41484266775839274,,6526.38145704885755549,,4.24296375905088308,,652636,7692.00000000000000000
1183,13124123,1,56.70395243098250404,516.36445037629800936,,40.31106321287421679,,4754.21305438374201913,,4.37826402853503183,,475420,5782.00000000000000000
1183,13124124,1,62.68131089312890225,903.04729873759083603,,36.00608743911245568,,7903.63413462666903797,,4.11395561157713807,,790360,9032.00000000000000000
1183,13124125,1,2.40946790862225280,1578.79752783465733046,,48.98360849732662814,,7775.47269653375497001,,9.94604482817815416,,777550,21482.00000000000000000
1183,13124126,1,2.03417021918016472,1531.65430371195634507,,49.26908103030515207,,7550.47253389647266886,,9.99450029931526629,,755049,20962.00000000000000000
1183,13124127,1,2.03957064726827397,1968.98806968649796545,,43.73779675247696730,,7995.15640478869136132,,10.77142155073026331,,799521,23922.00000000000000000
1183,13124128,1,2.70816188859187257,1544.89004713416966297,,48.52073462383435754,,7518.74295670240098843,,9.96964524943354213,,751873,20822.00000000000000000
1183,13124129,1,3.24322716538531530,1937.36780988132136372,,43.85703095025868947,,7920.63359337112524372,,10.72732364126906290,,792069,23602.00000000000000000
1183,13124130,1,6.21200230988321600,1977.88124367068212450,,43.68674826990109494,,7996.52102749045843666,,10.80559904775453361,,799659,24002.00000000000000000
1183,13124131,1,0.72097020846001159,1994.11594887498631579,,43.54771850101884922,,8079.08164412169207935,,10.74864741132847179,,807914,24122.00000000000000000
1183,13124132,1,0.51239247249021325,1621.30669665905952570,,48.87613192697732245,,7934.75286175418932544,,9.98685168657932998,,793478,22012.00000000000000000
1183,13124133,1,1.88713315228704537,1533.53912575010485853,,48.59817317249488156,,7460.53912968024997099,,9.98951935035211669,,746053,20702.00000000000000000
1183,13124134,1,14.45171115568787279,1568.27596785536820789,,48.53176453636712750,,7575.97345731234054256,,10.04639211434107615,,757596,21142.00000000000000000
1183,13124135,1,3.19353033095323191,1616.82525040437349162,,48.27683138946409258,,7725.67628255393901782,,10.10334851542558532,,772566,21682.00000000000000000
1183,13124136,1,1.57985973357169995,1690.99777831148321638,,47.77723604147644920,,7920.03480071157173370,,10.20086426801323576,,792001,22442.00000000000000000
1183,13124137,1,0.50222844113321452,1705.84313913622554537,,47.69911027176934226,,7934.40924484208971990,,10.25497897690294380,,793438,22602.00000000000000000
1183,13124138,1,0.71939416268183376,1662.22501260004514734,,48.66922311165190251,,8089.66901543046515144,,10.00031025319955091,,808969,22472.00000000000000000
1183,13124139,1,1.32478936850129725,1702.64828469130384292,,47.51374710054537331,,7907.41953884353733883,,10.23079648203812475,,790739,22472.00000000000000000
1183,13124140,1,0.66743066544877905,2904.17819875537043117,,47.60286405952911082,,8478.61584017407039937,,16.30539732027317967,,847867,38402.00000000000000000
1183,13124141,1,1.45580685159619105,1600.95530089674070950,,48.23819875342105945,,7672.94688710531318065,,10.06486831412626159,,767293,21452.00000000000000000
1183,13124142,1,0.38639118187205207,1864.48725107755876707,,41.70969791027283691,,10995.29922521011758363,,7.07276795357189414,,1099531,21602.00000000000000000
1183,13124143,1,10.40751027830429543,1527.72068520613402143,,49.06603721863320544,,8032.44126372368737066,,9.33205703458207836,,803244,20822.00000000000000000
1183,13124144,1,47.23004117681837499,1619.69206992866793371,,44.56847158804645659,,14958.00816268120615860,,4.82599014620811140,,1495799,20052.00000000000000000
1183,13124145,1,4.53383862080284317,1538.91426229365788458,,48.54539452292389257,,8047.61537834136652236,,9.28314742787786429,,804758,20752.00000000000000000
1183,13124146,1,0.94065935351732466,1584.50636755681580325,,48.89800482119035507,,8159.89000471015788207,,9.49512799256809181,,815985,21522.00000000000000000
1183,13124147,1,2.56823179152465952,1527.66426229365788458,,48.45514935910097165,,7987.17759789313913643,,9.26775435912754375,,798714,20562.00000000000000000
1183,13124148,1,3.55643925803365279,2698.03512517876106358,,48.70477732987019692,,7802.01671310953770444,,16.84272218735441839,,780203,36502.00000000000000000
1183,13124149,1,0.83701992481527676,1885.90358418854225420,,43.88941231882456151,,7638.74225166847736546,,10.83571054932778566,,763881,22992.00000000000000000
1183,13124150,1,0.13740304776737491,2615.03786922414519722,,48.92900462583427412,,7592.71672799400676013,,16.85183374855137828,,759274,35542.00000000000000000
1183,13124151,1,10.27151729590935503,1429.18578985805174852,,49.95515663998523337,,7124.53285266846160084,,10.02103597195979567,,712456,19832.00000000000000000
1183,13124152,1,21.05031639779445030,1466.36463116787558647,,49.69514297542914250,,7317.15356633093688288,,9.95895457699680797,,731718,20242.00000000000000000
1183,13124153,1,11.18244330676228948,1517.72808499544862570,,48.67749416406269347,,7391.80767065684267436,,9.99474056843730452,,739180,20522.00000000000000000
1183,13124154,1,0.73827946232573227,1491.54363347012690610,,49.00104721037234867,,7856.06674689762894559,,9.30328144536987622,,785604,20302.00000000000000000
1183,13124155,1,4.71267568853112007,1475.96471352520893561,,48.98165880085941382,,7797.11032809310017910,,9.27205040815176851,,779709,20082.00000000000000000
1183,13124156,1,3.24934631309347255,1432.80549147997248838,,49.05006326253485582,,7019.24463830628155847,,10.01235939497873240,,701924,19522.00000000000000000
1183,13124157,1,6.01895954233772912,1494.10919071099579014,,48.82052828099451602,,7316.84311011174395389,,9.96921744832738277,,731683,20262.00000000000000000
1183,13124158,1,2.40116602497452014,1511.91675618757471966,,48.48362166766388981,,7281.04097780216034153,,10.06768128671171780,,728104,20362.00000000000000000
1183,13124159,1,9.67355370234151479,1422.98843913063024047,,48.40179871178648341,,7386.52099378413004160,,9.32444381569612091,,738650,19132.00000000000000000
1183,13124160,1,6.83701988169327368,1402.75694558788586619,,48.61227043963879879,,7345.85979724248591083,,9.28294330169462789,,734584,18942.00000000000000000
1183,13124161,1,1.76333012957825153,1475.81645111113880375,,47.64494930725283695,,7459.31476961105090595,,9.42649588759296009,,745930,19532.00000000000000000
1183,13124162,1,1.13456674217843245,1509.54664014169952679,,48.13047710349640340,,7649.26091192437161226,,9.49832942510019329,,764924,20182.00000000000000000
1183,13124163,1,1.06877631774670556,1403.94913706179158908,,49.57102658693889907,,7384.52507864067047194,,9.42446525116425704,,738450,19332.00000000000000000
1183,13124164,1,0.99857212971850728,1440.16696861070863633,,49.09930691454007956,,7506.57514160432310746,,9.41990170831586937,,750655,19642.00000000000000000
1183,13124165,1,3.41699653906336875,1471.85710945577898201,,48.65363596774576393,,7589.62058322711982328,,9.43541237861864168,,758960,19892.00000000000000000
1183,13124166,1,3.14376205234635497,1473.95273871890685768,,46.92362121468936920,,7016.74358136080445547,,9.85688007521385146,,701678,19212.00000000000000000
1183,13124167,1,1.72501279607747349,1479.15129467558563192,,46.85605877470484160,,7016.24189868616394961,,9.87810867994420327,,701628,19252.00000000000000000
1183,13124168,1,1.31851735019983418,1458.51446885565883349,,47.76586142108033783,,7067.96272817785302323,,9.85675825966904284,,706801,19352.00000000000000000
1183,13124169,1,2.44073404705105679,1396.63484971747675445,,46.53127480897828860,,7173.18164976582465897,,9.05974547600109581,,717318,18052.00000000000000000
1183,13124170,1,3.32816816128537019,1449.60884740130086357,,48.10897789774169553,,7018.35229823423105699,,9.93669126834027594,,701840,19372.00000000000000000
1183,13124171,1,4.10105824464000612,1480.78680322287300442,,47.48502610028789661,,7032.01818979004110588,,9.99929154081147686,,703206,19532.00000000000000000
1183,13124172,1,2.48525812335555196,1497.34624052396111438,,46.62328465563930280,,7042.03517916785585840,,9.91349776361802526,,704207,19392.00000000000000000
1183,13124173,1,1.06710411901218416,1471.63331663483813827,,48.00054415832987331,,7090.25558581716359186,,9.96285664811598082,,709031,19622.00000000000000000
1183,13124174,1,2.55231946133766696,1515.33654208928442131,,47.32889230079311460,,7240.07112413407685381,,9.90586953779100021,,724012,19922.00000000000000000
1183,13124175,1,5.90094325447778623,1525.52501338574052170,,47.50836555550734630,,7279.96248403575555130,,9.95543591865081900,,728001,20132.00000000000000000
1183,13124176,1,2.12653125745119231,1550.84319349516795228,,47.35952693867810837,,7289.10591649385969504,,10.07629753791928806,,728915,20402.00000000000000000
1183,13124177,1,1.28715584699809549,1548.98752339207521800,,47.36978115828727454,,7279.66421382640965021,,10.07947589953902501,,727971,20382.00000000000000000
1183,13124178,1,3.34656919652544227,2164.94055874205196233,,46.92932542177261723,,10405.36698742382941418,,9.76411501130091608,,1040536,28222.00000000000000000
1183,13124179,1,2.54556293996487337,2157.36567304122945643,,46.61017891243617584,,10325.57917601400185958,,9.73845614719478370,,1032557,27932.00000000000000000
1183,13124180,1,1.01862878804621282,2179.45953585711413325,,46.41848051572752354,,10349.89971376961875649,,9.77470340755148115,,1034989,28102.00000000000000000
1183,13124181,1,3.58069772934615616,2138.80005550932310143,,46.76229540127951623,,10388.50238847937907849,,9.62748972468973463,,1038849,27782.00000000000000000
1183,13124182,1,2.42536521156430362,2124.69588183266432679,,46.75078482964889304,,10234.55859189898183104,,9.70546986546387913,,1023454,27592.00000000000000000
1183,13124183,1,5.03287368645303168,2168.87822501796517827,,46.86072220544246392,,10339.04046095209196210,,9.83023525092585970,,1033903,28232.00000000000000000
1183,13124184,1,3.11297646361935998,2068.54319984306448532,,46.90605446739581197,,10143.92054322383228282,,9.56505914912892763,,1014391,26952.00000000000000000
1183,13124185,1,4.27002908778409829,2066.09892295691633990,,46.99639447129452208,,10169.57821974428770773,,9.54800660380205457,,1016957,26972.00000000000000000
1183,13124187,1,2.28641935067604596,2181.27772976628648394,,45.93417822623414537,,10494.36619225861431914,,9.54752275310452347,,1049436,27832.00000000000000000
1183,13124188,1,5.48659280068301758,2181.27772976628648394,,45.93417822623414537,,10494.36619225861431914,,9.54752275310452347,,1049436,27832.00000000000000000
1183,13124189,1,0.62454116000990190,2261.84033028112389729,,46.30353371892655190,,10541.61241755389528407,,9.93502662131663783,,1054160,29092.00000000000000000
1183,13124190,1,1.18997479591723399,2184.51789202908139487,,46.52523120586415217,,10731.19892097266529163,,9.47100139960762988,,1073119,28232.00000000000000000
1183,13124191,1,0.34102746917874549,2066.09892295691633990,,46.99639447129452208,,10169.57821974428770773,,9.54800660380205457,,1016957,26972.00000000000000000
1183,13124192,1,4.81620808928793132,2085.58345903939061827,,46.91981976356468209,,10215.42660000660180231,,9.57915942540635079,,1021542,27182.00000000000000000
1183,13124193,1,7.05884288631454471,2888.24816883525591038,,48.11470201885087050,,9416.91514298987931397,,14.75718936508095069,,941693,38602.00000000000000000
1183,13124194,1,2.82239468913812486,1878.66789061250187842,,47.10529223509958285,,9281.79728770581641584,,9.53427415584868676,,928177,24582.00000000000000000
1183,13124195,1,0.42445824827660433,2556.36374660245382984,,43.85573068347643044,,7727.58121079892680427,,14.50792905849115222,,772759,31142.00000000000000000
1183,13124196,1,4.29302994596168563,2761.47043678915406417,,48.57672861997841807,,9138.13103530454100110,,14.67950059828940823,,913815,37262.00000000000000000
1183,13124197,1,2.43295242641943954,2865.28694447906809728,,48.14847611190371879,,9333.71781712145457277,,14.78073396936559902,,933371,38322.00000000000000000
1183,13124198,1,2.24909645917860335,2155.26820869820448934,,46.55531947024147854,,10333.64242146880314976,,9.70995471950324962,,1033363,27872.00000000000000000
1183,13124199,1,3.89317345764103973,2709.46062636889610076,,48.67212267879808252,,8925.50826824617615785,,14.77509134904570764,,892552,36632.00000000000000000
1183,13124200,1,2.22466579203383041,2705.84637663877765590,,48.69722137133380357,,8754.46348436753760325,,15.05143064852471291,,875448,36602.00000000000000000
1183,13124202,1,2.83875449972144756,2575.84828268492810821,,43.81748752777985345,,7713.76996985417190444,,14.63191156089578548,,771378,31352.00000000000000000
1183,13124203,1,1.54741734900846306,2678.92243402665235408,,48.63567468213741307,,8033.08440431000508397,,16.21932416521039144,,803310,36192.00000000000000000
1183,13124204,1,1.73362031593293286,2440.61007721336045506,,44.32793300744130960,,8388.29009979314105294,,12.89740801914658874,,838831,30052.00000000000000000
1183,13124205,1,5.47610474023484262,1263.58865668484099842,,47.55598246478062663,,3801.00259312470825535,,15.80930255314573429,,380104,16692.00000000000000000
1183,13124206,1,6.89598698526402565,1171.87437097055521917,,47.99080976011300237,,3593.41858591483287455,,15.65061198838384371,,359345,15622.00000000000000000
1183,13124207,1,14.79842736703371919,1207.87437097055521917,,47.81225712537933248,,3707.99625355986017894,,15.57477301778716416,,370803,16042.00000000000000000
1183,13124208,1,1.23545808488090936,1194.16008525626943992,,47.87900776949020099,,3627.12654046972374999,,15.76322175751707988,,362716,15882.00000000000000000
1183,13124209,1,0.82714313008596974,1243.26534841416423660,,47.66737854923137263,,3700.46588459184704334,,16.01506454815934788,,370050,16462.00000000000000000
1183,13124210,1,8.74528184473729020,1234.79025882102246214,,48.16947621273813240,,3738.70964751687142780,,15.90901824630969763,,373875,16522.00000000000000000
1183,13124211,1,4.91860269914795190,1265.51923078363938657,,48.13771179303012104,,3770.53425868749400252,,16.15664938188512778,,377058,16922.00000000000000000
1183,13124213,1,0.55469141513564446,2422.04366522495729441,,45.76763069616428226,,11294.23477202109825157,,9.81484821571167210,,1129424,30792.00000000000000000
1183,13124214,1,0.76124083813715615,2216.09635192862151598,,49.48485200319130684,,10371.45196838559968455,,10.57356292390658936,,1037144,30462.00000000000000000
1183,13124215,1,0.65495633108493057,2422.04366522495729441,,45.76763069616428226,,11294.23477202109825157,,9.81484821571167210,,1129424,30792.00000000000000000
1183,13124216,1,5.75142559211064963,3086.79284693026374953,,43.00230257822637725,,11504.98356413429428358,,11.53753929851773030,,1150500,36872.00000000000000000
1183,13124217,1,4.24468400794638967,2043.52770369661425320,,48.48439285690714939,,9901.35376465459557949,,10.00663165411667599,,990133,27522.00000000000000000
1183,13124218,1,3.73756345320482275,2190.98520127212123043,,46.32217503845875939,,10600.92722611187855364,,9.57380404895243409,,1060092,28192.00000000000000000
1183,13124219,1,3.17429968776155169,2306.66387163223180323,,45.80953527712220108,,10734.84456411714381829,,9.84338425851164445,,1073484,29352.00000000000000000
1183,13124220,1,3.87524256973872827,2250.56266606085364401,,45.84773468254537931,,10670.00108691768764402,,9.67040201397085220,,1066999,28662.00000000000000000
1183,13124221,1,1.29210773065425433,2144.46228313586652803,,49.22408793575974073,,10226.36539345448181848,,10.32225976079091900,,1022635,29322.00000000000000000
1183,13124222,1,3.52910303260475011,2401.36351754185716345,,48.56041126141885655,,11036.53803586422509397,,10.56592199664980036,,1103652,32392.00000000000000000
1183,13124223,1,4.61113849174466583,2272.67818612679639045,,49.13990932888253127,,10777.62352818919498532,,10.36213592986429077,,1077761,31022.00000000000000000
1183,13124224,1,0.05816092868364351,2329.85317801867404341,,48.89200790621107018,,10878.82362686165288324,,10.47091155322474521,,1087881,31642.00000000000000000
1183,13124225,1,5.54463105260805644,3055.68501918037463838,,47.83451143770256664,,9598.45405289791597170,,15.22820229116687329,,959851,40602.00000000000000000
1183,13124226,1,0.78070803626854413,3004.05368877638875347,,48.20126901892343341,,9254.17826892276207218,,15.64689978863519748,,925422,40222.00000000000000000
1183,13124227,1,1.13304073341080080,2340.56277963072852799,,48.76058057199639961,,10933.82424013486343028,,10.43799474854118259,,1093381,31702.00000000000000000
1183,13124228,1,4.11179719624328310,2262.18039525787162347,,49.17697997613433358,,10758.53545739911714918,,10.34036653413549978,,1075853,30902.00000000000000000
1183,13124229,1,4.76855805246133801,3016.64613033601381176,,43.38168759138584818,,11234.18163742755859857,,11.64901941446323441,,1123420,36352.00000000000000000
1183,13124230,1,1.83795403417764791,2302.63867787649724050,,48.68814246766210374,,10860.49228047723227064,,10.32284698563163161,,1086048,31142.00000000000000000
1183,13124231,1,5.25624352531978722,2938.07731259264573964,,43.91688382295804161,,10932.77343047823887900,,11.80223854637731229,,1093280,35842.00000000000000000
1183,13124232,1,2.89739997655673687,3111.59773880923012257,,47.80797920779063048,,9475.07278849566682766,,15.70005880911212870,,947512,41322.00000000000000000
1183,13124234,1,5.05530185397257625,2623.89978374193060517,,48.85979289085882726,,7694.95128912162090273,,16.66069026080013060,,769498,35612.00000000000000000
1183,13124235,1,0.97368623421772715,2827.79599880502428277,,48.39217541075363727,,9220.67958786239250912,,14.84090176825285745,,922068,38012.00000000000000000
1183,13124238,1,1.58283141029901353,2711.73483528832230149,,48.60475231015210085,,7881.05317773566093820,,16.72405921233346504,,788110,36612.00000000000000000
1183,13124239,1,1.49716165495800824,2272.17494557574400460,,46.56824519873781298,,10700.94631834358369815,,9.88802268997632794,,1070094,29392.00000000000000000
1183,13124240,1,0.79898546273553539,2786.01428518357033681,,48.32968758131407583,,8081.53682316954655107,,16.66108847193149600,,808159,37402.00000000000000000
1183,13124241,1,15.30835671445451851,2802.42781792641926586,,48.17508559413849412,,8464.88445640493773681,,15.94908952334808205,,846495,37502.00000000000000000
1183,13124242,1,4.96650639862417442,2250.51656066824762092,,46.77646094225662665,,10582.25565067108800577,,9.94789801674504837,,1058225,29242.00000000000000000
1183,13124244,1,6.38253022322621621,2445.67556158561592383,,48.32824183898291182,,11174.95506562994887645,,10.57679420685322924,,1117494,32832.00000000000000000
1183,13124245,1,1.67536511063469984,2885.44402397938029026,,47.64992800324118605,,8399.49531610051053576,,16.36898347171538148,,839955,38192.00000000000000000
1183,13124246,1,2.16628784037768440,2801.75760547562549618,,48.39219486190471287,,8187.38813310880777863,,16.56000641422115294,,818744,37662.00000000000000000
1183,13124247,1,8.88458186115179771,2920.46391304108465192,,47.57162017295077305,,8534.84988551996866590,,16.27810703920024693,,853491,38592.00000000000000000
1183,13124248,1,0.60338392885374348,2845.60742165959754857,,48.29169299813508331,,8379.55047670900239609,,16.39935225427154819,,837961,38172.00000000000000000
1183,13124249,1,6.66338638749062007,3002.06391304108456097,,47.29786044300543324,,8989.61858788042081869,,15.79501940064832155,,898968,39442.00000000000000000
1183,13124250,1,0.03851926296566287,2966.42420033429243631,,47.78116359218857667,,8539.38461150325565541,,16.59829208407660062,,853946,39372.00000000000000000
1183,13124251,1,0.12787305229648460,2899.60742165959754857,,48.17452147368614845,,8626.91462079052325862,,16.19202300476689160,,862696,38802.00000000000000000
1183,13124252,1,7.32512811320589030,2103.17472040595339422,,43.37785116701603272,,9311.42841381470680062,,9.79776635179267785,,931145,25342.00000000000000000
1183,13124256,1,1.90637360038942982,3082.31424511275599798,,47.78331743219522565,,9553.74720782278382103,,15.41627560329436264,,955379,40912.00000000000000000
1183,13124257,1,1.37566446856919433,3047.14926791335074086,,43.45543600188521793,,10576.09868725230080599,,12.52023112828969253,,1057614,36782.00000000000000000
1183,13124258,1,2.76037629378666605,2953.95692515074961193,,43.90016621294572730,,10926.77170970807492267,,11.86802501646340069,,1092680,36022.00000000000000000
1183,13124259,1,1.08647278528083069,2938.07731259264573964,,43.91688382295804161,,10932.77343047823887900,,11.80223854637731229,,1093280,35842.00000000000000000
1183,13124260,1,1.35409394589398668,3037.44327157069619716,,43.84318918691629818,,11058.03393945703646750,,12.04293645046805494,,1105806,36992.00000000000000000
1183,13124261,1,0.27974258084721942,2750.24902801098187410,,47.57067402533323985,,9564.89763368169042224,,13.67826452624991340,,956494,36342.00000000000000000
1183,13124262,1,1.51413914155358365,2988.32618765719553267,,43.84099719137785200,,11028.07159257636158145,,11.87979230096686045,,1102810,36392.00000000000000000
1183,13124263,1,1.27465318208174438,3034.09855845573383704,,43.57116206115779278,,11079.57928959310447681,,11.93178879311535745,,1107960,36722.00000000000000000
1183,13124264,1,0.12046506410019769,3073.32893906855542809,,43.70609285991685056,,11092.18132979910478753,,12.10971909007123948,,1109221,37312.00000000000000000
1183,13124265,1,1.25467636977699026,4287.25525547193046805,,44.23697417081438488,,10794.16398555830164696,,17.57016108461414561,,1079422,52682.00000000000000000
1183,13124266,1,1.08989717551831844,4315.62820473165629664,,44.25478538457079480,,10883.48229381313831254,,17.54835399590526634,,1088353,53052.00000000000000000
1183,13124267,1,0.32260999218160280,4204.22656461120368476,,44.25432291544590413,,10656.38135478441836312,,17.45951029769279117,,1065644,51682.00000000000000000
1183,13124268,1,0.27984468674707880,4204.22656461120368476,,44.25432291544590413,,10656.38135478441836312,,17.45951029769279117,,1065644,51682.00000000000000000
